rank,platform,handle,name,followers_source_display,engagement_rate_source,niche_standardized,source_url,notes
1,instagram,@jin,Jin of BTS,56.6M,7.7%,music,https://hafi.pro/top/most-followed-instagram/south-korea,Hafi Top 100 South Korea Instagram; niche standardized by heuristic; verified/fake follower fields unavailable.
2,instagram,@dlwlrma,이지금 IU,33.5M,8.44%,music,https://hafi.pro/top/most-followed-instagram/south-korea,Hafi Top 100 South Korea Instagram; niche standardized by heuristic; verified/fake follower fields unavailable.
3,instagram,@itzy.all.in.us,ITZY,19.3M,8.28%,music,https://hafi.pro/top/most-followed-instagram/south-korea,Hafi Top 100 South Korea Instagram; niche standardized by heuristic; verified/fake follower fields unavailable.
4,instagram,@taeyeon_ss,TaeYeon,17.7M,1.56%,lifestyle,https://hafi.pro/top/most-followed-instagram/south-korea,Hafi Top 100 South Korea Instagram; niche standardized by heuristic; verified/fake follower fields unavailable.
5,instagram,@xeesoxee,한소희,16.7M,5.96%,lifestyle,https://hafi.pro/top/most-followed-instagram/south-korea,Hafi Top 100 South Korea Instagram; niche standardized by heuristic; verified/fake follower fields unavailable.
6,instagram,@hyunah_aa,Hyuna Kim,15.3M,0.45%,lifestyle,https://hafi.pro/top/most-followed-instagram/south-korea,Hafi Top 100 South Korea Instagram; niche standardized by heuristic; verified/fake follower fields unavailable.
7,instagram,@hm_son7,Son HeungMin(손흥민)🇰🇷,14.5M,3.01%,sports,https://hafi.pro/top/most-followed-instagram/south-korea,Hafi Top 100 South Korea Instagram; niche standardized by heuristic; verified/fake follower fields unavailable.
8,instagram,@imwinter,WINTER,13.8M,7.42%,lifestyle,https://hafi.pro/top/most-followed-instagram/south-korea,Hafi Top 100 South Korea Instagram; niche standardized by heuristic; verified/fake follower fields unavailable.
9,instagram,@i_dle_official,i-dle (아이들),13.2M,9.28%,music,https://hafi.pro/top/most-followed-instagram/south-korea,Hafi Top 100 South Korea Instagram; niche standardized by heuristic; verified/fake follower fields unavailable.
10,instagram,@goyounjung,고윤정,13M,16.32%,lifestyle,https://hafi.pro/top/most-followed-instagram/south-korea,Hafi Top 100 South Korea Instagram; niche standardized by heuristic; verified/fake follower fields unavailable.
11,instagram,@newjeans_official,NewJeans,12.8M,11.15%,music,https://hafi.pro/top/most-followed-instagram/south-korea,Hafi Top 100 South Korea Instagram; niche standardized by heuristic; verified/fake follower fields unavailable.
12,instagram,@nayeonyny,나연 (NAYEON),12.6M,5.37%,lifestyle,https://hafi.pro/top/most-followed-instagram/south-korea,Hafi Top 100 South Korea Instagram; niche standardized by heuristic; verified/fake follower fields unavailable.
13,instagram,@clean_0828,김세정,11.6M,8.97%,lifestyle,https://hafi.pro/top/most-followed-instagram/south-korea,Hafi Top 100 South Korea Instagram; niche standardized by heuristic; verified/fake follower fields unavailable.
14,instagram,@hyeri_0609,혜리,11.5M,9.7%,lifestyle,https://hafi.pro/top/most-followed-instagram/south-korea,Hafi Top 100 South Korea Instagram; niche standardized by heuristic; verified/fake follower fields unavailable.
15,instagram,@i.2.n.8,I.N,11.2M,9.59%,lifestyle,https://hafi.pro/top/most-followed-instagram/south-korea,Hafi Top 100 South Korea Instagram; niche standardized by heuristic; verified/fake follower fields unavailable.
16,instagram,@ldh_sky,이도현,10.1M,7.03%,lifestyle,https://hafi.pro/top/most-followed-instagram/south-korea,Hafi Top 100 South Korea Instagram; niche standardized by heuristic; verified/fake follower fields unavailable.
17,instagram,@_seorina,설인아 sᴇᴏʀɪɴᴀ,10M,11.64%,lifestyle,https://hafi.pro/top/most-followed-instagram/south-korea,Hafi Top 100 South Korea Instagram; niche standardized by heuristic; verified/fake follower fields unavailable.
18,instagram,@bamgyuuuu,BEOMGYU of TXT,9.9M,10.42%,music,https://hafi.pro/top/most-followed-instagram/south-korea,Hafi Top 100 South Korea Instagram; niche standardized by heuristic; verified/fake follower fields unavailable.
19,instagram,@jenaissante,HUH YUNJIN,9.8M,4.68%,lifestyle,https://hafi.pro/top/most-followed-instagram/south-korea,Hafi Top 100 South Korea Instagram; niche standardized by heuristic; verified/fake follower fields unavailable.
20,instagram,@netflixkr,Netflix Korea | 넷플릭스 코리아,9.6M,2.68%,entertainment,https://hafi.pro/top/most-followed-instagram/south-korea,Hafi Top 100 South Korea Instagram; niche standardized by heuristic; verified/fake follower fields unavailable.
21,instagram,@xuminghao_o,SEVENTEEN The8,9.5M,11.76%,music,https://hafi.pro/top/most-followed-instagram/south-korea,Hafi Top 100 South Korea Instagram; niche standardized by heuristic; verified/fake follower fields unavailable.
22,instagram,@_chaechae_1,김채원 (CHAEWON),9.5M,5.66%,lifestyle,https://hafi.pro/top/most-followed-instagram/south-korea,Hafi Top 100 South Korea Instagram; niche standardized by heuristic; verified/fake follower fields unavailable.
23,instagram,@yuqisong.923,YUQI,9.3M,2.95%,lifestyle,https://hafi.pro/top/most-followed-instagram/south-korea,Hafi Top 100 South Korea Instagram; niche standardized by heuristic; verified/fake follower fields unavailable.
24,instagram,@dntlrdl,CHOIWOOSHIK,9.2M,7.56%,lifestyle,https://hafi.pro/top/most-followed-instagram/south-korea,Hafi Top 100 South Korea Instagram; niche standardized by heuristic; verified/fake follower fields unavailable.
25,instagram,@straykids_official_jp,Stray Kids JAPAN OFFICIAL(JYP),9.2M,13.47%,kids_family,https://hafi.pro/top/most-followed-instagram/south-korea,Hafi Top 100 South Korea Instagram; niche standardized by heuristic; verified/fake follower fields unavailable.
26,instagram,@bumkeyk,SHINee KEY,9.1M,7.87%,lifestyle,https://hafi.pro/top/most-followed-instagram/south-korea,Hafi Top 100 South Korea Instagram; niche standardized by heuristic; verified/fake follower fields unavailable.
27,instagram,@_choiiii__,최현욱,8.9M,10.95%,lifestyle,https://hafi.pro/top/most-followed-instagram/south-korea,Hafi Top 100 South Korea Instagram; niche standardized by heuristic; verified/fake follower fields unavailable.
28,instagram,@_yujin_an,안유진 AN YUJIN,8.4M,6.44%,lifestyle,https://hafi.pro/top/most-followed-instagram/south-korea,Hafi Top 100 South Korea Instagram; niche standardized by heuristic; verified/fake follower fields unavailable.
29,instagram,@ponysmakeup,PONY 포니,8.4M,4.47%,beauty,https://hafi.pro/top/most-followed-instagram/south-korea,Hafi Top 100 South Korea Instagram; niche standardized by heuristic; verified/fake follower fields unavailable.
30,instagram,@le2jh,이준호,8.1M,6.45%,lifestyle,https://hafi.pro/top/most-followed-instagram/south-korea,Hafi Top 100 South Korea Instagram; niche standardized by heuristic; verified/fake follower fields unavailable.
31,instagram,@donlee,Don Lee 마동석,7.5M,6.64%,lifestyle,https://hafi.pro/top/most-followed-instagram/south-korea,Hafi Top 100 South Korea Instagram; niche standardized by heuristic; verified/fake follower fields unavailable.
32,instagram,@jxxvvxxk,이재욱,7.4M,7.55%,lifestyle,https://hafi.pro/top/most-followed-instagram/south-korea,Hafi Top 100 South Korea Instagram; niche standardized by heuristic; verified/fake follower fields unavailable.
33,instagram,@miyayeah,SUNMI,7.1M,5.49%,music,https://hafi.pro/top/most-followed-instagram/south-korea,Hafi Top 100 South Korea Instagram; niche standardized by heuristic; verified/fake follower fields unavailable.
34,instagram,@feat.dino,이찬,7M,7.96%,food,https://hafi.pro/top/most-followed-instagram/south-korea,Hafi Top 100 South Korea Instagram; niche standardized by heuristic; verified/fake follower fields unavailable.
35,instagram,@mamamoo_official,마마무 (MAMAMOO),6.8M,10.42%,music,https://hafi.pro/top/most-followed-instagram/south-korea,Hafi Top 100 South Korea Instagram; niche standardized by heuristic; verified/fake follower fields unavailable.
36,instagram,@optimushwang,황민현,6.7M,12.08%,lifestyle,https://hafi.pro/top/most-followed-instagram/south-korea,Hafi Top 100 South Korea Instagram; niche standardized by heuristic; verified/fake follower fields unavailable.
37,instagram,@zo__glasss,조유리 JO YURI,6.6M,6.2%,lifestyle,https://hafi.pro/top/most-followed-instagram/south-korea,Hafi Top 100 South Korea Instagram; niche standardized by heuristic; verified/fake follower fields unavailable.
38,instagram,@leeyoum262,이유미,6.4M,2.77%,music,https://hafi.pro/top/most-followed-instagram/south-korea,Hafi Top 100 South Korea Instagram; niche standardized by heuristic; verified/fake follower fields unavailable.
39,instagram,@jelly_jilli,설리가진리 (Sulli),6.3M,0%,lifestyle,https://hafi.pro/top/most-followed-instagram/south-korea,Hafi Top 100 South Korea Instagram; niche standardized by heuristic; verified/fake follower fields unavailable.
40,instagram,@hhh.e_c.v,HONG EUNCHAE,6.2M,5.67%,lifestyle,https://hafi.pro/top/most-followed-instagram/south-korea,Hafi Top 100 South Korea Instagram; niche standardized by heuristic; verified/fake follower fields unavailable.
41,instagram,@yihyun_1208,조이현 cho yihyun,5.6M,8.16%,lifestyle,https://hafi.pro/top/most-followed-instagram/south-korea,Hafi Top 100 South Korea Instagram; niche standardized by heuristic; verified/fake follower fields unavailable.
42,instagram,@youngji_02,이영지,5.5M,6.8%,lifestyle,https://hafi.pro/top/most-followed-instagram/south-korea,Hafi Top 100 South Korea Instagram; niche standardized by heuristic; verified/fake follower fields unavailable.
43,instagram,@jin_a_nana,NANA,5.4M,5.51%,lifestyle,https://hafi.pro/top/most-followed-instagram/south-korea,Hafi Top 100 South Korea Instagram; niche standardized by heuristic; verified/fake follower fields unavailable.
44,instagram,@leesoohyuk,Lee Soo-hyuk,5.4M,7.99%,lifestyle,https://hafi.pro/top/most-followed-instagram/south-korea,Hafi Top 100 South Korea Instagram; niche standardized by heuristic; verified/fake follower fields unavailable.
45,instagram,@xoalsox,TAEMIN,5.4M,12.32%,music,https://hafi.pro/top/most-followed-instagram/south-korea,Hafi Top 100 South Korea Instagram; niche standardized by heuristic; verified/fake follower fields unavailable.
46,instagram,@noodle.zip,MIYEON / 미연,5.4M,3.3%,lifestyle,https://hafi.pro/top/most-followed-instagram/south-korea,Hafi Top 100 South Korea Instagram; niche standardized by heuristic; verified/fake follower fields unavailable.
47,instagram,@jiyeon2__,JIYEON,5.4M,1.66%,lifestyle,https://hafi.pro/top/most-followed-instagram/south-korea,Hafi Top 100 South Korea Instagram; niche standardized by heuristic; verified/fake follower fields unavailable.
48,instagram,@realllllmino,MINO,5.3M,2.84%,music,https://hafi.pro/top/most-followed-instagram/south-korea,Hafi Top 100 South Korea Instagram; niche standardized by heuristic; verified/fake follower fields unavailable.
49,instagram,@seo_cccc,서인국 Seo In Guk,5.1M,8.35%,lifestyle,https://hafi.pro/top/most-followed-instagram/south-korea,Hafi Top 100 South Korea Instagram; niche standardized by heuristic; verified/fake follower fields unavailable.
50,instagram,@woozico0914,우지호/ZICO,5.1M,5.44%,music,https://hafi.pro/top/most-followed-instagram/south-korea,Hafi Top 100 South Korea Instagram; niche standardized by heuristic; verified/fake follower fields unavailable.
51,instagram,@wkorea,W Korea,5.1M,9.87%,fashion,https://hafi.pro/top/most-followed-instagram/south-korea,Hafi Top 100 South Korea Instagram; niche standardized by heuristic; verified/fake follower fields unavailable.
52,instagram,@bohyunahn,안보현,5.1M,6.66%,lifestyle,https://hafi.pro/top/most-followed-instagram/south-korea,Hafi Top 100 South Korea Instagram; niche standardized by heuristic; verified/fake follower fields unavailable.
53,instagram,@moon_ko_ng,문빈,5M,0%,lifestyle,https://hafi.pro/top/most-followed-instagram/south-korea,Hafi Top 100 South Korea Instagram; niche standardized by heuristic; verified/fake follower fields unavailable.
54,instagram,@voguekorea,VOGUE KOREA,5M,8.88%,fashion,https://hafi.pro/top/most-followed-instagram/south-korea,Hafi Top 100 South Korea Instagram; niche standardized by heuristic; verified/fake follower fields unavailable.
55,instagram,@marieclairekorea,marie claire korea 마리끌레르,5M,21.71%,fashion,https://hafi.pro/top/most-followed-instagram/south-korea,Hafi Top 100 South Korea Instagram; niche standardized by heuristic; verified/fake follower fields unavailable.
56,instagram,@reinyourheart,레이 REI,4.6M,10.53%,lifestyle,https://hafi.pro/top/most-followed-instagram/south-korea,Hafi Top 100 South Korea Instagram; niche standardized by heuristic; verified/fake follower fields unavailable.
57,instagram,@zb1official,ZEROBASEONE,4.6M,10.07%,music,https://hafi.pro/top/most-followed-instagram/south-korea,Hafi Top 100 South Korea Instagram; niche standardized by heuristic; verified/fake follower fields unavailable.
58,instagram,@ellekorea,ELLE KOREA 엘르 코리아,4.6M,9.85%,fashion,https://hafi.pro/top/most-followed-instagram/south-korea,Hafi Top 100 South Korea Instagram; niche standardized by heuristic; verified/fake follower fields unavailable.
59,instagram,@dear.zia,freezia,4.5M,3.24%,beauty,https://hafi.pro/top/most-followed-instagram/south-korea,Hafi Top 100 South Korea Instagram; niche standardized by heuristic; verified/fake follower fields unavailable.
60,instagram,@42psy42,PSY,4.4M,0%,music,https://hafi.pro/top/most-followed-instagram/south-korea,Hafi Top 100 South Korea Instagram; niche standardized by heuristic; verified/fake follower fields unavailable.
61,instagram,@mo_onbyul,문별 Moonbyul,4.4M,9.78%,lifestyle,https://hafi.pro/top/most-followed-instagram/south-korea,Hafi Top 100 South Korea Instagram; niche standardized by heuristic; verified/fake follower fields unavailable.
62,instagram,@03_hu,박지후,4.3M,6.04%,lifestyle,https://hafi.pro/top/most-followed-instagram/south-korea,Hafi Top 100 South Korea Instagram; niche standardized by heuristic; verified/fake follower fields unavailable.
63,instagram,@badalee__,Bada Lee 바다,4.3M,7.92%,dance,https://hafi.pro/top/most-followed-instagram/south-korea,Hafi Top 100 South Korea Instagram; niche standardized by heuristic; verified/fake follower fields unavailable.
64,instagram,@wei.xeng,全员帅哥,4.2M,0%,lifestyle,https://hafi.pro/top/most-followed-instagram/south-korea,Hafi Top 100 South Korea Instagram; niche standardized by heuristic; verified/fake follower fields unavailable.
65,instagram,@chungha_official,청하 CHUNG HA,4.2M,1.27%,music,https://hafi.pro/top/most-followed-instagram/south-korea,Hafi Top 100 South Korea Instagram; niche standardized by heuristic; verified/fake follower fields unavailable.
66,instagram,@virbro__,비 르,4.1M,2.47%,lifestyle,https://hafi.pro/top/most-followed-instagram/south-korea,Hafi Top 100 South Korea Instagram; niche standardized by heuristic; verified/fake follower fields unavailable.
67,instagram,@jilwww,정일우 JUNGILWOO,4.1M,29.93%,lifestyle,https://hafi.pro/top/most-followed-instagram/south-korea,Hafi Top 100 South Korea Instagram; niche standardized by heuristic; verified/fake follower fields unavailable.
68,instagram,@liz.yeyo,리즈 LIZ,4.1M,12.05%,lifestyle,https://hafi.pro/top/most-followed-instagram/south-korea,Hafi Top 100 South Korea Instagram; niche standardized by heuristic; verified/fake follower fields unavailable.
69,instagram,@ahnanihh,안희연,4.1M,3.67%,lifestyle,https://hafi.pro/top/most-followed-instagram/south-korea,Hafi Top 100 South Korea Instagram; niche standardized by heuristic; verified/fake follower fields unavailable.
70,instagram,@j_chaeyeoni,정채연,4M,5.71%,lifestyle,https://hafi.pro/top/most-followed-instagram/south-korea,Hafi Top 100 South Korea Instagram; niche standardized by heuristic; verified/fake follower fields unavailable.
71,instagram,@moresojuplease,Jay Park (박재범) 🇰🇷,4M,9.67%,music,https://hafi.pro/top/most-followed-instagram/south-korea,Hafi Top 100 South Korea Instagram; niche standardized by heuristic; verified/fake follower fields unavailable.
72,instagram,@boakwon,BoA,3.9M,5.11%,music,https://hafi.pro/top/most-followed-instagram/south-korea,Hafi Top 100 South Korea Instagram; niche standardized by heuristic; verified/fake follower fields unavailable.
73,instagram,@soooo_you,so you,3.8M,0%,lifestyle,https://hafi.pro/top/most-followed-instagram/south-korea,Hafi Top 100 South Korea Instagram; niche standardized by heuristic; verified/fake follower fields unavailable.
74,instagram,@joowon.unnie,김주원 (삐약스핏),3.8M,0%,lifestyle,https://hafi.pro/top/most-followed-instagram/south-korea,Hafi Top 100 South Korea Instagram; niche standardized by heuristic; verified/fake follower fields unavailable.
75,instagram,@lngshot4sho,LNGSHOT,3.7M,12.45%,lifestyle,https://hafi.pro/top/most-followed-instagram/south-korea,Hafi Top 100 South Korea Instagram; niche standardized by heuristic; verified/fake follower fields unavailable.
76,instagram,@s2seolhyuns2,김설현,3.7M,7.22%,lifestyle,https://hafi.pro/top/most-followed-instagram/south-korea,Hafi Top 100 South Korea Instagram; niche standardized by heuristic; verified/fake follower fields unavailable.
77,instagram,@leesiyoung38,이시영 Lee Si Young,3.7M,4.2%,lifestyle,https://hafi.pro/top/most-followed-instagram/south-korea,Hafi Top 100 South Korea Instagram; niche standardized by heuristic; verified/fake follower fields unavailable.
78,instagram,@hyominnn,HYOMIN,3.7M,0%,lifestyle,https://hafi.pro/top/most-followed-instagram/south-korea,Hafi Top 100 South Korea Instagram; niche standardized by heuristic; verified/fake follower fields unavailable.
79,instagram,@kjk76,Jk,3.6M,2.44%,lifestyle,https://hafi.pro/top/most-followed-instagram/south-korea,Hafi Top 100 South Korea Instagram; niche standardized by heuristic; verified/fake follower fields unavailable.
80,instagram,@quanhaha79,ha dong hoon,3.6M,2.62%,lifestyle,https://hafi.pro/top/most-followed-instagram/south-korea,Hafi Top 100 South Korea Instagram; niche standardized by heuristic; verified/fake follower fields unavailable.
81,instagram,@tws_pledis,TWS (투어스),3.6M,12.38%,lifestyle,https://hafi.pro/top/most-followed-instagram/south-korea,Hafi Top 100 South Korea Instagram; niche standardized by heuristic; verified/fake follower fields unavailable.
82,instagram,@rain_oppa,RAIN,3.5M,6.39%,music,https://hafi.pro/top/most-followed-instagram/south-korea,Hafi Top 100 South Korea Instagram; niche standardized by heuristic; verified/fake follower fields unavailable.
83,instagram,@official.kep1er,Kep1er Official,3.5M,9.37%,lifestyle,https://hafi.pro/top/most-followed-instagram/south-korea,Hafi Top 100 South Korea Instagram; niche standardized by heuristic; verified/fake follower fields unavailable.
84,instagram,@you_naaaaa,박유나,3.5M,5.12%,lifestyle,https://hafi.pro/top/most-followed-instagram/south-korea,Hafi Top 100 South Korea Instagram; niche standardized by heuristic; verified/fake follower fields unavailable.
85,instagram,@__shinyeeun,Shin Ye-eun,3.5M,3.19%,lifestyle,https://hafi.pro/top/most-followed-instagram/south-korea,Hafi Top 100 South Korea Instagram; niche standardized by heuristic; verified/fake follower fields unavailable.
86,instagram,@jonghyun.948,Jonghyun,3.4M,20.83%,lifestyle,https://hafi.pro/top/most-followed-instagram/south-korea,Hafi Top 100 South Korea Instagram; niche standardized by heuristic; verified/fake follower fields unavailable.
87,instagram,@sjkuksee,신세경,3.4M,4.85%,lifestyle,https://hafi.pro/top/most-followed-instagram/south-korea,Hafi Top 100 South Korea Instagram; niche standardized by heuristic; verified/fake follower fields unavailable.
88,instagram,@sia_jiwoo,시아지우 (Sia Jiwoo),3.3M,4.17%,lifestyle,https://hafi.pro/top/most-followed-instagram/south-korea,Hafi Top 100 South Korea Instagram; niche standardized by heuristic; verified/fake follower fields unavailable.
89,instagram,@rohyoonseo,노윤서,3.3M,0%,lifestyle,https://hafi.pro/top/most-followed-instagram/south-korea,Hafi Top 100 South Korea Instagram; niche standardized by heuristic; verified/fake follower fields unavailable.
90,instagram,@nakedbibi,비비,3.3M,5.88%,lifestyle,https://hafi.pro/top/most-followed-instagram/south-korea,Hafi Top 100 South Korea Instagram; niche standardized by heuristic; verified/fake follower fields unavailable.
91,instagram,@yena.jigumina,최예나,3.3M,6.61%,lifestyle,https://hafi.pro/top/most-followed-instagram/south-korea,Hafi Top 100 South Korea Instagram; niche standardized by heuristic; verified/fake follower fields unavailable.
92,instagram,@hanjiji54,한지현,3.3M,3.8%,lifestyle,https://hafi.pro/top/most-followed-instagram/south-korea,Hafi Top 100 South Korea Instagram; niche standardized by heuristic; verified/fake follower fields unavailable.
93,instagram,@marcellasne_,son naeun,3.2M,0%,lifestyle,https://hafi.pro/top/most-followed-instagram/south-korea,Hafi Top 100 South Korea Instagram; niche standardized by heuristic; verified/fake follower fields unavailable.
94,instagram,@minah320_97,강민아,3.2M,0%,lifestyle,https://hafi.pro/top/most-followed-instagram/south-korea,Hafi Top 100 South Korea Instagram; niche standardized by heuristic; verified/fake follower fields unavailable.
95,instagram,@leejehoon_official,이제훈,3.2M,11.37%,lifestyle,https://hafi.pro/top/most-followed-instagram/south-korea,Hafi Top 100 South Korea Instagram; niche standardized by heuristic; verified/fake follower fields unavailable.
96,instagram,@princessironfanfr,Princess Iron Fan,3.2M,5.75%,lifestyle,https://hafi.pro/top/most-followed-instagram/south-korea,Hafi Top 100 South Korea Instagram; niche standardized by heuristic; verified/fake follower fields unavailable.
97,instagram,@inkyung97,강인경,3.1M,1.87%,lifestyle,https://hafi.pro/top/most-followed-instagram/south-korea,Hafi Top 100 South Korea Instagram; niche standardized by heuristic; verified/fake follower fields unavailable.
98,instagram,@dex_xeb,DEX / 김진영,3.1M,6.46%,lifestyle,https://hafi.pro/top/most-followed-instagram/south-korea,Hafi Top 100 South Korea Instagram; niche standardized by heuristic; verified/fake follower fields unavailable.
99,instagram,@kimtaeri_official,김태리,3M,7.62%,lifestyle,https://hafi.pro/top/most-followed-instagram/south-korea,Hafi Top 100 South Korea Instagram; niche standardized by heuristic; verified/fake follower fields unavailable.
100,instagram,@akmu_suhyun,이수현,3M,0%,music,https://hafi.pro/top/most-followed-instagram/south-korea,Hafi Top 100 South Korea Instagram; niche standardized by heuristic; verified/fake follower fields unavailable.
1,tiktok,@beatboxjcop,J-COP,25.3M,10%,food,https://hafi.pro/top/most-followed-tiktok/south-korea,Hafi Top 100 South Korea TikTok; niche standardized by heuristic; verified/fake follower fields unavailable.
2,tiktok,@a.bite,먹스나 Muk SNa,16.6M,4.39%,food,https://hafi.pro/top/most-followed-tiktok/south-korea,Hafi Top 100 South Korea TikTok; niche standardized by heuristic; verified/fake follower fields unavailable.
3,tiktok,@cindy518c,Cindy👄,16.5M,0%,lifestyle,https://hafi.pro/top/most-followed-tiktok/south-korea,Hafi Top 100 South Korea TikTok; niche standardized by heuristic; verified/fake follower fields unavailable.
4,tiktok,@miso_ara,미소아라TT,14.3M,0%,lifestyle,https://hafi.pro/top/most-followed-tiktok/south-korea,Hafi Top 100 South Korea TikTok; niche standardized by heuristic; verified/fake follower fields unavailable.
5,tiktok,@elina_karimovaa,Elina_리나대장님,12.8M,9.69%,lifestyle,https://hafi.pro/top/most-followed-tiktok/south-korea,Hafi Top 100 South Korea TikTok; niche standardized by heuristic; verified/fake follower fields unavailable.
6,tiktok,@ive.official,IVE.official,12.3M,21.91%,music,https://hafi.pro/top/most-followed-tiktok/south-korea,Hafi Top 100 South Korea TikTok; niche standardized by heuristic; verified/fake follower fields unavailable.
7,tiktok,@official_i_dle,i-dle (아이들),11.4M,26.37%,music,https://hafi.pro/top/most-followed-tiktok/south-korea,Hafi Top 100 South Korea TikTok; niche standardized by heuristic; verified/fake follower fields unavailable.
8,tiktok,@king_min_su,티곰,9.1M,9.82%,lifestyle,https://hafi.pro/top/most-followed-tiktok/south-korea,Hafi Top 100 South Korea TikTok; niche standardized by heuristic; verified/fake follower fields unavailable.
9,tiktok,@itsjessibaby,Jessi,7.8M,0%,music,https://hafi.pro/top/most-followed-tiktok/south-korea,Hafi Top 100 South Korea TikTok; niche standardized by heuristic; verified/fake follower fields unavailable.
10,tiktok,@shindongho_kr,신동호 SHINDONGHO,7.8M,6.27%,lifestyle,https://hafi.pro/top/most-followed-tiktok/south-korea,Hafi Top 100 South Korea TikTok; niche standardized by heuristic; verified/fake follower fields unavailable.
11,tiktok,@dangbee_eating,당비 Dangbee EATING,7.3M,5.32%,food,https://hafi.pro/top/most-followed-tiktok/south-korea,Hafi Top 100 South Korea TikTok; niche standardized by heuristic; verified/fake follower fields unavailable.
12,tiktok,@deejaysoda,DJSODA,6.3M,5.82%,music,https://hafi.pro/top/most-followed-tiktok/south-korea,Hafi Top 100 South Korea TikTok; niche standardized by heuristic; verified/fake follower fields unavailable.
13,tiktok,@dalha_,dalha,5.9M,0%,lifestyle,https://hafi.pro/top/most-followed-tiktok/south-korea,Hafi Top 100 South Korea TikTok; niche standardized by heuristic; verified/fake follower fields unavailable.
14,tiktok,@kellykimkim7,유빈 Kelly,5.9M,8.6%,lifestyle,https://hafi.pro/top/most-followed-tiktok/south-korea,Hafi Top 100 South Korea TikTok; niche standardized by heuristic; verified/fake follower fields unavailable.
15,tiktok,@sonaworld_official,소나월드 sonaworld,5.8M,6.14%,lifestyle,https://hafi.pro/top/most-followed-tiktok/south-korea,Hafi Top 100 South Korea TikTok; niche standardized by heuristic; verified/fake follower fields unavailable.
16,tiktok,@_master_choi_,최재권,5.4M,3.43%,lifestyle,https://hafi.pro/top/most-followed-tiktok/south-korea,Hafi Top 100 South Korea TikTok; niche standardized by heuristic; verified/fake follower fields unavailable.
17,tiktok,@zb1_official,ZEROBASEONE,5.3M,33.3%,music,https://hafi.pro/top/most-followed-tiktok/south-korea,Hafi Top 100 South Korea TikTok; niche standardized by heuristic; verified/fake follower fields unavailable.
18,tiktok,@chengdamunni,청담언니,5.1M,4.5%,food,https://hafi.pro/top/most-followed-tiktok/south-korea,Hafi Top 100 South Korea TikTok; niche standardized by heuristic; verified/fake follower fields unavailable.
19,tiktok,@youngji_02,이영지,5.1M,20.2%,lifestyle,https://hafi.pro/top/most-followed-tiktok/south-korea,Hafi Top 100 South Korea TikTok; niche standardized by heuristic; verified/fake follower fields unavailable.
20,tiktok,@kkonya_tv,꼰야 kkonya,4.9M,3.45%,lifestyle,https://hafi.pro/top/most-followed-tiktok/south-korea,Hafi Top 100 South Korea TikTok; niche standardized by heuristic; verified/fake follower fields unavailable.
21,tiktok,@gato0901,가토 GATO,4.9M,3.94%,lifestyle,https://hafi.pro/top/most-followed-tiktok/south-korea,Hafi Top 100 South Korea TikTok; niche standardized by heuristic; verified/fake follower fields unavailable.
22,tiktok,@official_mamamoo,mamamoo_official,4.4M,0%,music,https://hafi.pro/top/most-followed-tiktok/south-korea,Hafi Top 100 South Korea TikTok; niche standardized by heuristic; verified/fake follower fields unavailable.
23,tiktok,@hyemin_2004,김혜민 Hyemin,4.2M,7.26%,lifestyle,https://hafi.pro/top/most-followed-tiktok/south-korea,Hafi Top 100 South Korea TikTok; niche standardized by heuristic; verified/fake follower fields unavailable.
24,tiktok,@chada6in,차다빈 Cha Dabin,3.9M,6.31%,lifestyle,https://hafi.pro/top/most-followed-tiktok/south-korea,Hafi Top 100 South Korea TikTok; niche standardized by heuristic; verified/fake follower fields unavailable.
25,tiktok,@i_am_young22,냥뇽녕냥,3.9M,4.31%,lifestyle,https://hafi.pro/top/most-followed-tiktok/south-korea,Hafi Top 100 South Korea TikTok; niche standardized by heuristic; verified/fake follower fields unavailable.
26,tiktok,@siiiirodeath_,시로,3.8M,10.97%,food,https://hafi.pro/top/most-followed-tiktok/south-korea,Hafi Top 100 South Korea TikTok; niche standardized by heuristic; verified/fake follower fields unavailable.
27,tiktok,@lsoojung,엘수정,3.7M,3.98%,lifestyle,https://hafi.pro/top/most-followed-tiktok/south-korea,Hafi Top 100 South Korea TikTok; niche standardized by heuristic; verified/fake follower fields unavailable.
28,tiktok,@hansamini_,이한샘,3.6M,12.28%,lifestyle,https://hafi.pro/top/most-followed-tiktok/south-korea,Hafi Top 100 South Korea TikTok; niche standardized by heuristic; verified/fake follower fields unavailable.
29,tiktok,@___lunakim___,루나킴 LUNA KIM,3.1M,9.41%,lifestyle,https://hafi.pro/top/most-followed-tiktok/south-korea,Hafi Top 100 South Korea TikTok; niche standardized by heuristic; verified/fake follower fields unavailable.
30,tiktok,@cyeonc,귤양 orange girl,3.1M,0%,lifestyle,https://hafi.pro/top/most-followed-tiktok/south-korea,Hafi Top 100 South Korea TikTok; niche standardized by heuristic; verified/fake follower fields unavailable.
31,tiktok,@iamhenry,iamhenry,3M,16.55%,lifestyle,https://hafi.pro/top/most-followed-tiktok/south-korea,Hafi Top 100 South Korea TikTok; niche standardized by heuristic; verified/fake follower fields unavailable.
32,tiktok,@breadbarbershop,Bread Barbershop,3M,3.57%,kids_family,https://hafi.pro/top/most-followed-tiktok/south-korea,Hafi Top 100 South Korea TikTok; niche standardized by heuristic; verified/fake follower fields unavailable.
33,tiktok,@donguk2da,백동욱 DongUk,2.9M,5.78%,lifestyle,https://hafi.pro/top/most-followed-tiktok/south-korea,Hafi Top 100 South Korea TikTok; niche standardized by heuristic; verified/fake follower fields unavailable.
34,tiktok,@poqrs3077,Oni Man,2.9M,8.01%,lifestyle,https://hafi.pro/top/most-followed-tiktok/south-korea,Hafi Top 100 South Korea TikTok; niche standardized by heuristic; verified/fake follower fields unavailable.
35,tiktok,@likapikka,likapikka,2.9M,5.35%,lifestyle,https://hafi.pro/top/most-followed-tiktok/south-korea,Hafi Top 100 South Korea TikTok; niche standardized by heuristic; verified/fake follower fields unavailable.
36,tiktok,@jjangtaku,짱타쿠,2.8M,5.32%,lifestyle,https://hafi.pro/top/most-followed-tiktok/south-korea,Hafi Top 100 South Korea TikTok; niche standardized by heuristic; verified/fake follower fields unavailable.
37,tiktok,@stayc_official,STAYC,2.8M,23.81%,music,https://hafi.pro/top/most-followed-tiktok/south-korea,Hafi Top 100 South Korea TikTok; niche standardized by heuristic; verified/fake follower fields unavailable.
38,tiktok,@mino2282,허미노 mino,2.8M,3.93%,music,https://hafi.pro/top/most-followed-tiktok/south-korea,Hafi Top 100 South Korea TikTok; niche standardized by heuristic; verified/fake follower fields unavailable.
39,tiktok,@chri_mm01,채채,2.6M,4.11%,lifestyle,https://hafi.pro/top/most-followed-tiktok/south-korea,Hafi Top 100 South Korea TikTok; niche standardized by heuristic; verified/fake follower fields unavailable.
40,tiktok,@sunn416,미선짱 sun,2.6M,0%,lifestyle,https://hafi.pro/top/most-followed-tiktok/south-korea,Hafi Top 100 South Korea TikTok; niche standardized by heuristic; verified/fake follower fields unavailable.
41,tiktok,@moon_nyang_92,moon_nyang,2.6M,0%,lifestyle,https://hafi.pro/top/most-followed-tiktok/south-korea,Hafi Top 100 South Korea TikTok; niche standardized by heuristic; verified/fake follower fields unavailable.
42,tiktok,@zenoworld,자곰 JAGOM ASMR,2.5M,4.68%,food,https://hafi.pro/top/most-followed-tiktok/south-korea,Hafi Top 100 South Korea TikTok; niche standardized by heuristic; verified/fake follower fields unavailable.
43,tiktok,@inocat_t,ino Cat 이노냥,2.5M,4.58%,lifestyle,https://hafi.pro/top/most-followed-tiktok/south-korea,Hafi Top 100 South Korea TikTok; niche standardized by heuristic; verified/fake follower fields unavailable.
44,tiktok,@d__h_04,두현 Doohyun,2.4M,0%,lifestyle,https://hafi.pro/top/most-followed-tiktok/south-korea,Hafi Top 100 South Korea TikTok; niche standardized by heuristic; verified/fake follower fields unavailable.
45,tiktok,@brick_grandpa,벽돌할아버지 BRICK GRANDPA,2.4M,3.67%,lifestyle,https://hafi.pro/top/most-followed-tiktok/south-korea,Hafi Top 100 South Korea TikTok; niche standardized by heuristic; verified/fake follower fields unavailable.
46,tiktok,@dew_sisters,듀자매,2.4M,5.59%,lifestyle,https://hafi.pro/top/most-followed-tiktok/south-korea,Hafi Top 100 South Korea TikTok; niche standardized by heuristic; verified/fake follower fields unavailable.
47,tiktok,@wn_tiktok,WINNERCITY,2.3M,20.08%,lifestyle,https://hafi.pro/top/most-followed-tiktok/south-korea,Hafi Top 100 South Korea TikTok; niche standardized by heuristic; verified/fake follower fields unavailable.
48,tiktok,@baekkum,백꿈 Baekkum,2.3M,5.68%,lifestyle,https://hafi.pro/top/most-followed-tiktok/south-korea,Hafi Top 100 South Korea TikTok; niche standardized by heuristic; verified/fake follower fields unavailable.
49,tiktok,@o_dahye_o,박다혜 dahye,2.3M,3.83%,lifestyle,https://hafi.pro/top/most-followed-tiktok/south-korea,Hafi Top 100 South Korea TikTok; niche standardized by heuristic; verified/fake follower fields unavailable.
50,tiktok,@x_arumi_x,ARU,2.2M,4.36%,lifestyle,https://hafi.pro/top/most-followed-tiktok/south-korea,Hafi Top 100 South Korea TikTok; niche standardized by heuristic; verified/fake follower fields unavailable.
51,tiktok,@buldak_global,Buldak,2.2M,6.85%,food,https://hafi.pro/top/most-followed-tiktok/south-korea,Hafi Top 100 South Korea TikTok; niche standardized by heuristic; verified/fake follower fields unavailable.
52,tiktok,@enjoycouple,Enjoycouple 엔조이커플,2.2M,0%,lifestyle,https://hafi.pro/top/most-followed-tiktok/south-korea,Hafi Top 100 South Korea TikTok; niche standardized by heuristic; verified/fake follower fields unavailable.
53,tiktok,@stephany_official,김스테파니헤리,2.2M,8.5%,lifestyle,https://hafi.pro/top/most-followed-tiktok/south-korea,Hafi Top 100 South Korea TikTok; niche standardized by heuristic; verified/fake follower fields unavailable.
54,tiktok,@kunho1216,건리버,2.2M,0%,lifestyle,https://hafi.pro/top/most-followed-tiktok/south-korea,Hafi Top 100 South Korea TikTok; niche standardized by heuristic; verified/fake follower fields unavailable.
55,tiktok,@balboulette,balboulette,2.1M,4.42%,lifestyle,https://hafi.pro/top/most-followed-tiktok/south-korea,Hafi Top 100 South Korea TikTok; niche standardized by heuristic; verified/fake follower fields unavailable.
56,tiktok,@hea_dli_,고로켓,2.1M,4.19%,lifestyle,https://hafi.pro/top/most-followed-tiktok/south-korea,Hafi Top 100 South Korea TikTok; niche standardized by heuristic; verified/fake follower fields unavailable.
57,tiktok,@roller_tv77,롤러짱 KOREA,2.1M,8.51%,lifestyle,https://hafi.pro/top/most-followed-tiktok/south-korea,Hafi Top 100 South Korea TikTok; niche standardized by heuristic; verified/fake follower fields unavailable.
58,tiktok,@cookingmua,화장하는청담언니,2.1M,4.99%,beauty,https://hafi.pro/top/most-followed-tiktok/south-korea,Hafi Top 100 South Korea TikTok; niche standardized by heuristic; verified/fake follower fields unavailable.
59,tiktok,@seahssam,세아쌤 Seah Ssam,2M,3.66%,lifestyle,https://hafi.pro/top/most-followed-tiktok/south-korea,Hafi Top 100 South Korea TikTok; niche standardized by heuristic; verified/fake follower fields unavailable.
60,tiktok,@insean0208,인션 InSean,2M,5.43%,lifestyle,https://hafi.pro/top/most-followed-tiktok/south-korea,Hafi Top 100 South Korea TikTok; niche standardized by heuristic; verified/fake follower fields unavailable.
61,tiktok,@julietasmr,JULIET ASMR,2M,4.51%,food,https://hafi.pro/top/most-followed-tiktok/south-korea,Hafi Top 100 South Korea TikTok; niche standardized by heuristic; verified/fake follower fields unavailable.
62,tiktok,@idolnation,IDOL NATION | 아이돌네이션,2M,3.35%,music,https://hafi.pro/top/most-followed-tiktok/south-korea,Hafi Top 100 South Korea TikTok; niche standardized by heuristic; verified/fake follower fields unavailable.
63,tiktok,@sarahc__74,세라C,2M,8.34%,lifestyle,https://hafi.pro/top/most-followed-tiktok/south-korea,Hafi Top 100 South Korea TikTok; niche standardized by heuristic; verified/fake follower fields unavailable.
64,tiktok,@moioioioioioi,김모이 (Kim Moi),2M,4.97%,lifestyle,https://hafi.pro/top/most-followed-tiktok/south-korea,Hafi Top 100 South Korea TikTok; niche standardized by heuristic; verified/fake follower fields unavailable.
65,tiktok,@plave_official,PLAVE 플레이브,1.9M,29.06%,music,https://hafi.pro/top/most-followed-tiktok/south-korea,Hafi Top 100 South Korea TikTok; niche standardized by heuristic; verified/fake follower fields unavailable.
66,tiktok,@szroa,Roah,1.9M,7.28%,lifestyle,https://hafi.pro/top/most-followed-tiktok/south-korea,Hafi Top 100 South Korea TikTok; niche standardized by heuristic; verified/fake follower fields unavailable.
67,tiktok,@livehooni,HOONI,1.9M,19.68%,music,https://hafi.pro/top/most-followed-tiktok/south-korea,Hafi Top 100 South Korea TikTok; niche standardized by heuristic; verified/fake follower fields unavailable.
68,tiktok,@theblairkim,theblairkim,1.9M,4.68%,lifestyle,https://hafi.pro/top/most-followed-tiktok/south-korea,Hafi Top 100 South Korea TikTok; niche standardized by heuristic; verified/fake follower fields unavailable.
69,tiktok,@park_bosung,박보성,1.9M,0%,lifestyle,https://hafi.pro/top/most-followed-tiktok/south-korea,Hafi Top 100 South Korea TikTok; niche standardized by heuristic; verified/fake follower fields unavailable.
70,tiktok,@inhawlee12,이인화,1.9M,5.8%,lifestyle,https://hafi.pro/top/most-followed-tiktok/south-korea,Hafi Top 100 South Korea TikTok; niche standardized by heuristic; verified/fake follower fields unavailable.
71,tiktok,@itisresplendent,최언,1.8M,5.15%,lifestyle,https://hafi.pro/top/most-followed-tiktok/south-korea,Hafi Top 100 South Korea TikTok; niche standardized by heuristic; verified/fake follower fields unavailable.
72,tiktok,@shimamonx,しまも,1.7M,15.27%,lifestyle,https://hafi.pro/top/most-followed-tiktok/south-korea,Hafi Top 100 South Korea TikTok; niche standardized by heuristic; verified/fake follower fields unavailable.
73,tiktok,@mingsin83,은서,1.7M,0%,lifestyle,https://hafi.pro/top/most-followed-tiktok/south-korea,Hafi Top 100 South Korea TikTok; niche standardized by heuristic; verified/fake follower fields unavailable.
74,tiktok,@_soomin__4,이수만두(수민),1.7M,14.93%,lifestyle,https://hafi.pro/top/most-followed-tiktok/south-korea,Hafi Top 100 South Korea TikTok; niche standardized by heuristic; verified/fake follower fields unavailable.
75,tiktok,@magenta6262,마젠타 magenta,1.7M,7.94%,lifestyle,https://hafi.pro/top/most-followed-tiktok/south-korea,Hafi Top 100 South Korea TikTok; niche standardized by heuristic; verified/fake follower fields unavailable.
76,tiktok,@82major_official,82MAJOR,1.7M,34.6%,music,https://hafi.pro/top/most-followed-tiktok/south-korea,Hafi Top 100 South Korea TikTok; niche standardized by heuristic; verified/fake follower fields unavailable.
77,tiktok,@ksh_me,김선형,1.7M,9.35%,sports,https://hafi.pro/top/most-followed-tiktok/south-korea,Hafi Top 100 South Korea TikTok; niche standardized by heuristic; verified/fake follower fields unavailable.
78,tiktok,@ayounghaseyoung,아영하세영,1.7M,12.44%,lifestyle,https://hafi.pro/top/most-followed-tiktok/south-korea,Hafi Top 100 South Korea TikTok; niche standardized by heuristic; verified/fake follower fields unavailable.
79,tiktok,@junpapi_lives,user94752537230,1.6M,0%,music,https://hafi.pro/top/most-followed-tiktok/south-korea,Hafi Top 100 South Korea TikTok; niche standardized by heuristic; verified/fake follower fields unavailable.
80,tiktok,@bbangthug,빵먹다살찐떡,1.6M,0%,lifestyle,https://hafi.pro/top/most-followed-tiktok/south-korea,Hafi Top 100 South Korea TikTok; niche standardized by heuristic; verified/fake follower fields unavailable.
81,tiktok,@juney4u2,쥬니 Juney,1.6M,5.02%,lifestyle,https://hafi.pro/top/most-followed-tiktok/south-korea,Hafi Top 100 South Korea TikTok; niche standardized by heuristic; verified/fake follower fields unavailable.
82,tiktok,@allday_project,ALLDAY PROJECT,1.6M,0%,music,https://hafi.pro/top/most-followed-tiktok/south-korea,Hafi Top 100 South Korea TikTok; niche standardized by heuristic; verified/fake follower fields unavailable.
83,tiktok,@nadia_hong,나디아홍 Nadia Hong,1.5M,0%,lifestyle,https://hafi.pro/top/most-followed-tiktok/south-korea,Hafi Top 100 South Korea TikTok; niche standardized by heuristic; verified/fake follower fields unavailable.
84,tiktok,@boseok751,꽥보석 boseok,1.5M,12.17%,lifestyle,https://hafi.pro/top/most-followed-tiktok/south-korea,Hafi Top 100 South Korea TikTok; niche standardized by heuristic; verified/fake follower fields unavailable.
85,tiktok,@ye_chan00,강예찬,1.5M,2.96%,lifestyle,https://hafi.pro/top/most-followed-tiktok/south-korea,Hafi Top 100 South Korea TikTok; niche standardized by heuristic; verified/fake follower fields unavailable.
86,tiktok,@daye1014,석다예 Daye,1.5M,5.28%,lifestyle,https://hafi.pro/top/most-followed-tiktok/south-korea,Hafi Top 100 South Korea TikTok; niche standardized by heuristic; verified/fake follower fields unavailable.
87,tiktok,@yolanda0603,유랜다,1.5M,6.13%,lifestyle,https://hafi.pro/top/most-followed-tiktok/south-korea,Hafi Top 100 South Korea TikTok; niche standardized by heuristic; verified/fake follower fields unavailable.
88,tiktok,@tsrjmusic2024,MUSIC,1.5M,0%,music,https://hafi.pro/top/most-followed-tiktok/south-korea,Hafi Top 100 South Korea TikTok; niche standardized by heuristic; verified/fake follower fields unavailable.
89,tiktok,@madame2580,갬성타는아줌마,1.4M,0%,lifestyle,https://hafi.pro/top/most-followed-tiktok/south-korea,Hafi Top 100 South Korea TikTok; niche standardized by heuristic; verified/fake follower fields unavailable.
90,tiktok,@dada_everything,다다,1.3M,7.97%,lifestyle,https://hafi.pro/top/most-followed-tiktok/south-korea,Hafi Top 100 South Korea TikTok; niche standardized by heuristic; verified/fake follower fields unavailable.
91,tiktok,@h_kyung_176,굥이 MOON,1.3M,0%,lifestyle,https://hafi.pro/top/most-followed-tiktok/south-korea,Hafi Top 100 South Korea TikTok; niche standardized by heuristic; verified/fake follower fields unavailable.
92,tiktok,@do__.dong,츄정,1.3M,9.3%,lifestyle,https://hafi.pro/top/most-followed-tiktok/south-korea,Hafi Top 100 South Korea TikTok; niche standardized by heuristic; verified/fake follower fields unavailable.
93,tiktok,@choiyena.official,YENA(최예나),1.3M,0%,lifestyle,https://hafi.pro/top/most-followed-tiktok/south-korea,Hafi Top 100 South Korea TikTok; niche standardized by heuristic; verified/fake follower fields unavailable.
94,tiktok,@coachalijr,coachalijr,1.3M,15.84%,lifestyle,https://hafi.pro/top/most-followed-tiktok/south-korea,Hafi Top 100 South Korea TikTok; niche standardized by heuristic; verified/fake follower fields unavailable.
95,tiktok,@dlehhhdodo,타니 Tani,1.2M,0%,lifestyle,https://hafi.pro/top/most-followed-tiktok/south-korea,Hafi Top 100 South Korea TikTok; niche standardized by heuristic; verified/fake follower fields unavailable.
96,tiktok,@wjpooh2,은지언니 ENJI,1.2M,15.07%,lifestyle,https://hafi.pro/top/most-followed-tiktok/south-korea,Hafi Top 100 South Korea TikTok; niche standardized by heuristic; verified/fake follower fields unavailable.
97,tiktok,@b2ang,빵빵이의 일상,1.2M,7.36%,lifestyle,https://hafi.pro/top/most-followed-tiktok/south-korea,Hafi Top 100 South Korea TikTok; niche standardized by heuristic; verified/fake follower fields unavailable.
98,tiktok,@joyseoworld,조이서 Joyseo,1.2M,4.47%,lifestyle,https://hafi.pro/top/most-followed-tiktok/south-korea,Hafi Top 100 South Korea TikTok; niche standardized by heuristic; verified/fake follower fields unavailable.
99,tiktok,@oningoning,오닝 oning,1.2M,2.99%,lifestyle,https://hafi.pro/top/most-followed-tiktok/south-korea,Hafi Top 100 South Korea TikTok; niche standardized by heuristic; verified/fake follower fields unavailable.
100,tiktok,@hyezzi0801,혜찌,1.2M,3.2%,lifestyle,https://hafi.pro/top/most-followed-tiktok/south-korea,Hafi Top 100 South Korea TikTok; niche standardized by heuristic; verified/fake follower fields unavailable.
1,youtube,@yt_001_kimpro,김프로KIMPRO,135M,,entertainment,https://socialblade.com/youtube/lists/top/100/subscribers/all/KR,"Social Blade Top 100 South Korea YouTube by subscribers; internal handle generated because source exposes channel name, not YouTube @handle; engagement/verified/fake follower unavailable."
2,youtube,@yt_002_blackpink,BLACKPINK,101M,,music,https://socialblade.com/youtube/lists/top/100/subscribers/all/KR,"Social Blade Top 100 South Korea YouTube by subscribers; internal handle generated because source exposes channel name, not YouTube @handle; engagement/verified/fake follower unavailable."
3,youtube,@yt_003_hybe_labels,HYBE LABELS,82.7M,,music,https://socialblade.com/youtube/lists/top/100/subscribers/all/KR,"Social Blade Top 100 South Korea YouTube by subscribers; internal handle generated because source exposes channel name, not YouTube @handle; engagement/verified/fake follower unavailable."
4,youtube,@yt_004_cure,CuRe 구래,35.1M,,entertainment,https://socialblade.com/youtube/lists/top/100/subscribers/all/KR,"Social Blade Top 100 South Korea YouTube by subscribers; internal handle generated because source exposes channel name, not YouTube @handle; engagement/verified/fake follower unavailable."
5,youtube,@yt_005_gh_s,GH'S,28.2M,,entertainment,https://socialblade.com/youtube/lists/top/100/subscribers/all/KR,"Social Blade Top 100 South Korea YouTube by subscribers; internal handle generated because source exposes channel name, not YouTube @handle; engagement/verified/fake follower unavailable."
6,youtube,@yt_006_toypuddingtv,ToyPuddingTV,27.5M,,kids_family,https://socialblade.com/youtube/lists/top/100/subscribers/all/KR,"Social Blade Top 100 South Korea YouTube by subscribers; internal handle generated because source exposes channel name, not YouTube @handle; engagement/verified/fake follower unavailable."
7,youtube,@yt_007_1million_dance_studio,1MILLION Dance Studio,26.4M,,dance,https://socialblade.com/youtube/lists/top/100/subscribers/all/KR,"Social Blade Top 100 South Korea YouTube by subscribers; internal handle generated because source exposes channel name, not YouTube @handle; engagement/verified/fake follower unavailable."
8,youtube,@yt_008_1thek,1theK (원더케이),25.1M,,music,https://socialblade.com/youtube/lists/top/100/subscribers/all/KR,"Social Blade Top 100 South Korea YouTube by subscribers; internal handle generated because source exposes channel name, not YouTube @handle; engagement/verified/fake follower unavailable."
9,youtube,@yt_009_kkubi99,유백합 kkubi99,23.9M,,entertainment,https://socialblade.com/youtube/lists/top/100/subscribers/all/KR,"Social Blade Top 100 South Korea YouTube by subscribers; internal handle generated because source exposes channel name, not YouTube @handle; engagement/verified/fake follower unavailable."
10,youtube,@yt_010_kbs_world_tv,KBS WORLD TV,20.5M,,entertainment,https://socialblade.com/youtube/lists/top/100/subscribers/all/KR,"Social Blade Top 100 South Korea YouTube by subscribers; internal handle generated because source exposes channel name, not YouTube @handle; engagement/verified/fake follower unavailable."
11,youtube,@yt_011_rose,ROSÉ,20.1M,,music,https://socialblade.com/youtube/lists/top/100/subscribers/all/KR,"Social Blade Top 100 South Korea YouTube by subscribers; internal handle generated because source exposes channel name, not YouTube @handle; engagement/verified/fake follower unavailable."
12,youtube,@yt_012_tv,보겸TV,18.6M,,entertainment,https://socialblade.com/youtube/lists/top/100/subscribers/all/KR,"Social Blade Top 100 South Korea YouTube by subscribers; internal handle generated because source exposes channel name, not YouTube @handle; engagement/verified/fake follower unavailable."
13,youtube,@yt_013_jane_asmr,Jane ASMR 제인,18.5M,,food,https://socialblade.com/youtube/lists/top/100/subscribers/all/KR,"Social Blade Top 100 South Korea YouTube by subscribers; internal handle generated because source exposes channel name, not YouTube @handle; engagement/verified/fake follower unavailable."
14,youtube,@yt_014_seventeen,SEVENTEEN,17.9M,,music,https://socialblade.com/youtube/lists/top/100/subscribers/all/KR,"Social Blade Top 100 South Korea YouTube by subscribers; internal handle generated because source exposes channel name, not YouTube @handle; engagement/verified/fake follower unavailable."
15,youtube,@yt_015_jflamusic,JFlaMusic,17.2M,,music,https://socialblade.com/youtube/lists/top/100/subscribers/all/KR,"Social Blade Top 100 South Korea YouTube by subscribers; internal handle generated because source exposes channel name, not YouTube @handle; engagement/verified/fake follower unavailable."
16,youtube,@yt_016_bigbang,BIGBANG,16.9M,,music,https://socialblade.com/youtube/lists/top/100/subscribers/all/KR,"Social Blade Top 100 South Korea YouTube by subscribers; internal handle generated because source exposes channel name, not YouTube @handle; engagement/verified/fake follower unavailable."
17,youtube,@yt_017_hongyu_asmr,Hongyu ASMR 홍유,16.8M,,food,https://socialblade.com/youtube/lists/top/100/subscribers/all/KR,"Social Blade Top 100 South Korea YouTube by subscribers; internal handle generated because source exposes channel name, not YouTube @handle; engagement/verified/fake follower unavailable."
18,youtube,@yt_018_sulgi,설기양SULGI,16.6M,,entertainment,https://socialblade.com/youtube/lists/top/100/subscribers/all/KR,"Social Blade Top 100 South Korea YouTube by subscribers; internal handle generated because source exposes channel name, not YouTube @handle; engagement/verified/fake follower unavailable."
19,youtube,@yt_019_channel,핑크퐁 (인기 동요・동화),16.6M,,kids_family,https://socialblade.com/youtube/lists/top/100/subscribers/all/KR,"Social Blade Top 100 South Korea YouTube by subscribers; internal handle generated because source exposes channel name, not YouTube @handle; engagement/verified/fake follower unavailable."
20,youtube,@yt_020_bibo,BIBO와 장난감,16M,,entertainment,https://socialblade.com/youtube/lists/top/100/subscribers/all/KR,"Social Blade Top 100 South Korea YouTube by subscribers; internal handle generated because source exposes channel name, not YouTube @handle; engagement/verified/fake follower unavailable."
21,youtube,@yt_021_gongsam_table,GONGSAM TABLE 이공삼,15.9M,,food,https://socialblade.com/youtube/lists/top/100/subscribers/all/KR,"Social Blade Top 100 South Korea YouTube by subscribers; internal handle generated because source exposes channel name, not YouTube @handle; engagement/verified/fake follower unavailable."
22,youtube,@yt_022_you_chang_jo,유창조 You Chang Jo,15.3M,,entertainment,https://socialblade.com/youtube/lists/top/100/subscribers/all/KR,"Social Blade Top 100 South Korea YouTube by subscribers; internal handle generated because source exposes channel name, not YouTube @handle; engagement/verified/fake follower unavailable."
23,youtube,@yt_023_boram_tube_toysreview,Boram Tube ToysReview [보람튜브 토이리뷰],15.1M,,kids_family,https://socialblade.com/youtube/lists/top/100/subscribers/all/KR,"Social Blade Top 100 South Korea YouTube by subscribers; internal handle generated because source exposes channel name, not YouTube @handle; engagement/verified/fake follower unavailable."
24,youtube,@yt_024_enhypen,ENHYPEN,14.4M,,music,https://socialblade.com/youtube/lists/top/100/subscribers/all/KR,"Social Blade Top 100 South Korea YouTube by subscribers; internal handle generated because source exposes channel name, not YouTube @handle; engagement/verified/fake follower unavailable."
25,youtube,@yt_025_hamzy,[햄지]Hamzy,14.2M,,food,https://socialblade.com/youtube/lists/top/100/subscribers/all/KR,"Social Blade Top 100 South Korea YouTube by subscribers; internal handle generated because source exposes channel name, not YouTube @handle; engagement/verified/fake follower unavailable."
26,youtube,@yt_026_kkubi_studio,KKUBI STUDIO,14M,,entertainment,https://socialblade.com/youtube/lists/top/100/subscribers/all/KR,"Social Blade Top 100 South Korea YouTube by subscribers; internal handle generated because source exposes channel name, not YouTube @handle; engagement/verified/fake follower unavailable."
27,youtube,@yt_027_tomorrow_x_together_official,TOMORROW X TOGETHER OFFICIAL,13.8M,,music,https://socialblade.com/youtube/lists/top/100/subscribers/all/KR,"Social Blade Top 100 South Korea YouTube by subscribers; internal handle generated because source exposes channel name, not YouTube @handle; engagement/verified/fake follower unavailable."
28,youtube,@yt_028_channel,서은일상이야기,13.7M,,kids_family,https://socialblade.com/youtube/lists/top/100/subscribers/all/KR,"Social Blade Top 100 South Korea YouTube by subscribers; internal handle generated because source exposes channel name, not YouTube @handle; engagement/verified/fake follower unavailable."
29,youtube,@yt_029_byungari,Byungari 병아리언니,13.4M,,kids_family,https://socialblade.com/youtube/lists/top/100/subscribers/all/KR,"Social Blade Top 100 South Korea YouTube by subscribers; internal handle generated because source exposes channel name, not YouTube @handle; engagement/verified/fake follower unavailable."
30,youtube,@yt_030_babymonster,BABYMONSTER,13.1M,,music,https://socialblade.com/youtube/lists/top/100/subscribers/all/KR,"Social Blade Top 100 South Korea YouTube by subscribers; internal handle generated because source exposes channel name, not YouTube @handle; engagement/verified/fake follower unavailable."
31,youtube,@yt_031_ssoyoung,쏘영 Ssoyoung,12.5M,,food,https://socialblade.com/youtube/lists/top/100/subscribers/all/KR,"Social Blade Top 100 South Korea YouTube by subscribers; internal handle generated because source exposes channel name, not YouTube @handle; engagement/verified/fake follower unavailable."
32,youtube,@yt_032_channel,팀일루션 노성율,11.7M,,entertainment,https://socialblade.com/youtube/lists/top/100/subscribers/all/KR,"Social Blade Top 100 South Korea YouTube by subscribers; internal handle generated because source exposes channel name, not YouTube @handle; engagement/verified/fake follower unavailable."
33,youtube,@yt_033_mbckpop,MBCkpop,11.6M,,entertainment,https://socialblade.com/youtube/lists/top/100/subscribers/all/KR,"Social Blade Top 100 South Korea YouTube by subscribers; internal handle generated because source exposes channel name, not YouTube @handle; engagement/verified/fake follower unavailable."
34,youtube,@yt_034_dudupoptoy,DuDuPopTOY,11.3M,,kids_family,https://socialblade.com/youtube/lists/top/100/subscribers/all/KR,"Social Blade Top 100 South Korea YouTube by subscribers; internal handle generated because source exposes channel name, not YouTube @handle; engagement/verified/fake follower unavailable."
35,youtube,@yt_035_stone_music,STONE MUSIC,11.2M,,music,https://socialblade.com/youtube/lists/top/100/subscribers/all/KR,"Social Blade Top 100 South Korea YouTube by subscribers; internal handle generated because source exposes channel name, not YouTube @handle; engagement/verified/fake follower unavailable."
36,youtube,@yt_036_channel,소맥거핀,11.2M,,entertainment,https://socialblade.com/youtube/lists/top/100/subscribers/all/KR,"Social Blade Top 100 South Korea YouTube by subscribers; internal handle generated because source exposes channel name, not YouTube @handle; engagement/verified/fake follower unavailable."
37,youtube,@yt_037_eat_with_boki,문복희 Eat with Boki,11.1M,,food,https://socialblade.com/youtube/lists/top/100/subscribers/all/KR,"Social Blade Top 100 South Korea YouTube by subscribers; internal handle generated because source exposes channel name, not YouTube @handle; engagement/verified/fake follower unavailable."
38,youtube,@yt_038_tv_toymong_tv,토이몽 TV - ToyMong Tv,10.8M,,kids_family,https://socialblade.com/youtube/lists/top/100/subscribers/all/KR,"Social Blade Top 100 South Korea YouTube by subscribers; internal handle generated because source exposes channel name, not YouTube @handle; engagement/verified/fake follower unavailable."
39,youtube,@yt_039_m2,M2,10.7M,,music,https://socialblade.com/youtube/lists/top/100/subscribers/all/KR,"Social Blade Top 100 South Korea YouTube by subscribers; internal handle generated because source exposes channel name, not YouTube @handle; engagement/verified/fake follower unavailable."
40,youtube,@yt_040_twinroozi,TwinRoozi 쌍둥이 루지,10.6M,,entertainment,https://socialblade.com/youtube/lists/top/100/subscribers/all/KR,"Social Blade Top 100 South Korea YouTube by subscribers; internal handle generated because source exposes channel name, not YouTube @handle; engagement/verified/fake follower unavailable."
41,youtube,@yt_041_dsand,dsand,10.6M,,entertainment,https://socialblade.com/youtube/lists/top/100/subscribers/all/KR,"Social Blade Top 100 South Korea YouTube by subscribers; internal handle generated because source exposes channel name, not YouTube @handle; engagement/verified/fake follower unavailable."
42,youtube,@yt_042_larva_tuba,Larva TUBA,10.5M,,kids_family,https://socialblade.com/youtube/lists/top/100/subscribers/all/KR,"Social Blade Top 100 South Korea YouTube by subscribers; internal handle generated because source exposes channel name, not YouTube @handle; engagement/verified/fake follower unavailable."
43,youtube,@yt_043_kbs_kpop,KBS Kpop,10.3M,,entertainment,https://socialblade.com/youtube/lists/top/100/subscribers/all/KR,"Social Blade Top 100 South Korea YouTube by subscribers; internal handle generated because source exposes channel name, not YouTube @handle; engagement/verified/fake follower unavailable."
44,youtube,@yt_044_joy_bamm,조이밤 Joy_Bamm,10.3M,,entertainment,https://socialblade.com/youtube/lists/top/100/subscribers/all/KR,"Social Blade Top 100 South Korea YouTube by subscribers; internal handle generated because source exposes channel name, not YouTube @handle; engagement/verified/fake follower unavailable."
45,youtube,@yt_045_iu_official,이지금 [IU Official],10.3M,,music,https://socialblade.com/youtube/lists/top/100/subscribers/all/KR,"Social Blade Top 100 South Korea YouTube by subscribers; internal handle generated because source exposes channel name, not YouTube @handle; engagement/verified/fake follower unavailable."
46,youtube,@yt_046_cha_dabin,Cha Dabin,10.3M,,entertainment,https://socialblade.com/youtube/lists/top/100/subscribers/all/KR,"Social Blade Top 100 South Korea YouTube by subscribers; internal handle generated because source exposes channel name, not YouTube @handle; engagement/verified/fake follower unavailable."
47,youtube,@yt_047_samsung,Samsung,10.2M,,technology,https://socialblade.com/youtube/lists/top/100/subscribers/all/KR,"Social Blade Top 100 South Korea YouTube by subscribers; internal handle generated because source exposes channel name, not YouTube @handle; engagement/verified/fake follower unavailable."
48,youtube,@yt_048_nao_funfun,Nao FunFun,10.1M,,entertainment,https://socialblade.com/youtube/lists/top/100/subscribers/all/KR,"Social Blade Top 100 South Korea YouTube by subscribers; internal handle generated because source exposes channel name, not YouTube @handle; engagement/verified/fake follower unavailable."
49,youtube,@yt_049_itzy,ITZY,10M,,music,https://socialblade.com/youtube/lists/top/100/subscribers/all/KR,"Social Blade Top 100 South Korea YouTube by subscribers; internal handle generated because source exposes channel name, not YouTube @handle; engagement/verified/fake follower unavailable."
50,youtube,@yt_050_mindspin_facts,Mindspin Facts,9.98M,,entertainment,https://socialblade.com/youtube/lists/top/100/subscribers/all/KR,"Social Blade Top 100 South Korea YouTube by subscribers; internal handle generated because source exposes channel name, not YouTube @handle; engagement/verified/fake follower unavailable."
51,youtube,@yt_051_exo,EXO,9.92M,,music,https://socialblade.com/youtube/lists/top/100/subscribers/all/KR,"Social Blade Top 100 South Korea YouTube by subscribers; internal handle generated because source exposes channel name, not YouTube @handle; engagement/verified/fake follower unavailable."
52,youtube,@yt_052_i_dle,i-dle (아이들),9.83M,,music,https://socialblade.com/youtube/lists/top/100/subscribers/all/KR,"Social Blade Top 100 South Korea YouTube by subscribers; internal handle generated because source exposes channel name, not YouTube @handle; engagement/verified/fake follower unavailable."
53,youtube,@yt_053_mnet_tv,Mnet TV,9.57M,,entertainment,https://socialblade.com/youtube/lists/top/100/subscribers/all/KR,"Social Blade Top 100 South Korea YouTube by subscribers; internal handle generated because source exposes channel name, not YouTube @handle; engagement/verified/fake follower unavailable."
54,youtube,@yt_054_sealook_official,SEALOOK Official,9.49M,,kids_family,https://socialblade.com/youtube/lists/top/100/subscribers/all/KR,"Social Blade Top 100 South Korea YouTube by subscribers; internal handle generated because source exposes channel name, not YouTube @handle; engagement/verified/fake follower unavailable."
55,youtube,@yt_055_jisoo,JISOO,9.49M,,music,https://socialblade.com/youtube/lists/top/100/subscribers/all/KR,"Social Blade Top 100 South Korea YouTube by subscribers; internal handle generated because source exposes channel name, not YouTube @handle; engagement/verified/fake follower unavailable."
56,youtube,@yt_056_boram_tube,Boram Tube [宝蓝和朋友们],9.42M,,kids_family,https://socialblade.com/youtube/lists/top/100/subscribers/all/KR,"Social Blade Top 100 South Korea YouTube by subscribers; internal handle generated because source exposes channel name, not YouTube @handle; engagement/verified/fake follower unavailable."
57,youtube,@yt_057_channel,청담언니,9.31M,,food,https://socialblade.com/youtube/lists/top/100/subscribers/all/KR,"Social Blade Top 100 South Korea YouTube by subscribers; internal handle generated because source exposes channel name, not YouTube @handle; engagement/verified/fake follower unavailable."
58,youtube,@yt_058_mbcentertainment,MBCentertainment,9.21M,,entertainment,https://socialblade.com/youtube/lists/top/100/subscribers/all/KR,"Social Blade Top 100 South Korea YouTube by subscribers; internal handle generated because source exposes channel name, not YouTube @handle; engagement/verified/fake follower unavailable."
59,youtube,@yt_059_seoeunstory,서은이야기[SeoeunStory],9.2M,,kids_family,https://socialblade.com/youtube/lists/top/100/subscribers/all/KR,"Social Blade Top 100 South Korea YouTube by subscribers; internal handle generated because source exposes channel name, not YouTube @handle; engagement/verified/fake follower unavailable."
60,youtube,@yt_060_aespa,aespa,8.92M,,music,https://socialblade.com/youtube/lists/top/100/subscribers/all/KR,"Social Blade Top 100 South Korea YouTube by subscribers; internal handle generated because source exposes channel name, not YouTube @handle; engagement/verified/fake follower unavailable."
61,youtube,@yt_061_sbskpop_x_inkigayo,SBSKPOP X INKIGAYO,8.81M,,entertainment,https://socialblade.com/youtube/lists/top/100/subscribers/all/KR,"Social Blade Top 100 South Korea YouTube by subscribers; internal handle generated because source exposes channel name, not YouTube @handle; engagement/verified/fake follower unavailable."
62,youtube,@yt_062_pp,PP,8.74M,,entertainment,https://socialblade.com/youtube/lists/top/100/subscribers/all/KR,"Social Blade Top 100 South Korea YouTube by subscribers; internal handle generated because source exposes channel name, not YouTube @handle; engagement/verified/fake follower unavailable."
63,youtube,@yt_063_tv,미니특공대TV,8.72M,,kids_family,https://socialblade.com/youtube/lists/top/100/subscribers/all/KR,"Social Blade Top 100 South Korea YouTube by subscribers; internal handle generated because source exposes channel name, not YouTube @handle; engagement/verified/fake follower unavailable."
64,youtube,@yt_064_le_sserafim,LE SSERAFIM,8.71M,,entertainment,https://socialblade.com/youtube/lists/top/100/subscribers/all/KR,"Social Blade Top 100 South Korea YouTube by subscribers; internal handle generated because source exposes channel name, not YouTube @handle; engagement/verified/fake follower unavailable."
65,youtube,@yt_065_newjeans,NewJeans,8.66M,,music,https://socialblade.com/youtube/lists/top/100/subscribers/all/KR,"Social Blade Top 100 South Korea YouTube by subscribers; internal handle generated because source exposes channel name, not YouTube @handle; engagement/verified/fake follower unavailable."
66,youtube,@yt_066_jtbc_entertainment,JTBC Entertainment,8.19M,,entertainment,https://socialblade.com/youtube/lists/top/100/subscribers/all/KR,"Social Blade Top 100 South Korea YouTube by subscribers; internal handle generated because source exposes channel name, not YouTube @handle; engagement/verified/fake follower unavailable."
67,youtube,@yt_067_daud_kim,Daud Kim,8.14M,,entertainment,https://socialblade.com/youtube/lists/top/100/subscribers/all/KR,"Social Blade Top 100 South Korea YouTube by subscribers; internal handle generated because source exposes channel name, not YouTube @handle; engagement/verified/fake follower unavailable."
68,youtube,@yt_068_treasure,TREASURE (트레저),8.06M,,music,https://socialblade.com/youtube/lists/top/100/subscribers/all/KR,"Social Blade Top 100 South Korea YouTube by subscribers; internal handle generated because source exposes channel name, not YouTube @handle; engagement/verified/fake follower unavailable."
69,youtube,@yt_069_yummyboy,야미보이 Yummyboy,7.98M,,food,https://socialblade.com/youtube/lists/top/100/subscribers/all/KR,"Social Blade Top 100 South Korea YouTube by subscribers; internal handle generated because source exposes channel name, not YouTube @handle; engagement/verified/fake follower unavailable."
70,youtube,@yt_070_kimpro_studio,KIMPRO STUDIO,7.98M,,entertainment,https://socialblade.com/youtube/lists/top/100/subscribers/all/KR,"Social Blade Top 100 South Korea YouTube by subscribers; internal handle generated because source exposes channel name, not YouTube @handle; engagement/verified/fake follower unavailable."
71,youtube,@yt_071_pororo,뽀로로(Pororo),7.9M,,kids_family,https://socialblade.com/youtube/lists/top/100/subscribers/all/KR,"Social Blade Top 100 South Korea YouTube by subscribers; internal handle generated because source exposes channel name, not YouTube @handle; engagement/verified/fake follower unavailable."
72,youtube,@yt_072_beatpella_house,BEATPELLA HOUSE,7.68M,,food,https://socialblade.com/youtube/lists/top/100/subscribers/all/KR,"Social Blade Top 100 South Korea YouTube by subscribers; internal handle generated because source exposes channel name, not YouTube @handle; engagement/verified/fake follower unavailable."
73,youtube,@yt_073_channel,채널십오야,7.58M,,entertainment,https://socialblade.com/youtube/lists/top/100/subscribers/all/KR,"Social Blade Top 100 South Korea YouTube by subscribers; internal handle generated because source exposes channel name, not YouTube @handle; engagement/verified/fake follower unavailable."
74,youtube,@yt_074_mariandkids,MariAndKids,7.55M,,kids_family,https://socialblade.com/youtube/lists/top/100/subscribers/all/KR,"Social Blade Top 100 South Korea YouTube by subscribers; internal handle generated because source exposes channel name, not YouTube @handle; engagement/verified/fake follower unavailable."
75,youtube,@yt_075_tvn_drama,tvN DRAMA,7.48M,,entertainment,https://socialblade.com/youtube/lists/top/100/subscribers/all/KR,"Social Blade Top 100 South Korea YouTube by subscribers; internal handle generated because source exposes channel name, not YouTube @handle; engagement/verified/fake follower unavailable."
76,youtube,@yt_076_channel,베이비버스 -인기 동요・동화,7.38M,,kids_family,https://socialblade.com/youtube/lists/top/100/subscribers/all/KR,"Social Blade Top 100 South Korea YouTube by subscribers; internal handle generated because source exposes channel name, not YouTube @handle; engagement/verified/fake follower unavailable."
77,youtube,@yt_077_lala_and_lulu,Lala and Lulu,7.26M,,kids_family,https://socialblade.com/youtube/lists/top/100/subscribers/all/KR,"Social Blade Top 100 South Korea YouTube by subscribers; internal handle generated because source exposes channel name, not YouTube @handle; engagement/verified/fake follower unavailable."
78,youtube,@yt_078_sungha_jung,Sungha Jung,7.21M,,entertainment,https://socialblade.com/youtube/lists/top/100/subscribers/all/KR,"Social Blade Top 100 South Korea YouTube by subscribers; internal handle generated because source exposes channel name, not YouTube @handle; engagement/verified/fake follower unavailable."
79,youtube,@yt_079_sonictoy,SonicToy소닉토이,7.1M,,kids_family,https://socialblade.com/youtube/lists/top/100/subscribers/all/KR,"Social Blade Top 100 South Korea YouTube by subscribers; internal handle generated because source exposes channel name, not YouTube @handle; engagement/verified/fake follower unavailable."
80,youtube,@yt_080_nct_dream,NCT DREAM,7.09M,,music,https://socialblade.com/youtube/lists/top/100/subscribers/all/KR,"Social Blade Top 100 South Korea YouTube by subscribers; internal handle generated because source exposes channel name, not YouTube @handle; engagement/verified/fake follower unavailable."
81,youtube,@yt_081_heelo_house,HEELO HOUSE,7.06M,,kids_family,https://socialblade.com/youtube/lists/top/100/subscribers/all/KR,"Social Blade Top 100 South Korea YouTube by subscribers; internal handle generated because source exposes channel name, not YouTube @handle; engagement/verified/fake follower unavailable."
82,youtube,@yt_082_sbs_drama,SBS 스브스 Drama,7.03M,,entertainment,https://socialblade.com/youtube/lists/top/100/subscribers/all/KR,"Social Blade Top 100 South Korea YouTube by subscribers; internal handle generated because source exposes channel name, not YouTube @handle; engagement/verified/fake follower unavailable."
83,youtube,@yt_083_i,ㅤㅤㅤㅤㅤㅤㅤㅤㅤㅤㅤㅤㅤㅤㅤⁱ,6.99M,,entertainment,https://socialblade.com/youtube/lists/top/100/subscribers/all/KR,"Social Blade Top 100 South Korea YouTube by subscribers; internal handle generated because source exposes channel name, not YouTube @handle; engagement/verified/fake follower unavailable."
84,youtube,@yt_084_all_the_k_pop,ALL THE K-POP,6.96M,,music,https://socialblade.com/youtube/lists/top/100/subscribers/all/KR,"Social Blade Top 100 South Korea YouTube by subscribers; internal handle generated because source exposes channel name, not YouTube @handle; engagement/verified/fake follower unavailable."
85,youtube,@yt_085_5_tricks,5 분 Tricks,6.96M,,entertainment,https://socialblade.com/youtube/lists/top/100/subscribers/all/KR,"Social Blade Top 100 South Korea YouTube by subscribers; internal handle generated because source exposes channel name, not YouTube @handle; engagement/verified/fake follower unavailable."
86,youtube,@yt_086_with_kids_playground,With Kids Playground [위드키즈 놀이터],6.94M,,kids_family,https://socialblade.com/youtube/lists/top/100/subscribers/all/KR,"Social Blade Top 100 South Korea YouTube by subscribers; internal handle generated because source exposes channel name, not YouTube @handle; engagement/verified/fake follower unavailable."
87,youtube,@yt_087_cortis,CORTIS,6.9M,,music,https://socialblade.com/youtube/lists/top/100/subscribers/all/KR,"Social Blade Top 100 South Korea YouTube by subscribers; internal handle generated because source exposes channel name, not YouTube @handle; engagement/verified/fake follower unavailable."
88,youtube,@yt_088_toontoon_daily,ToonToon Daily,6.86M,,kids_family,https://socialblade.com/youtube/lists/top/100/subscribers/all/KR,"Social Blade Top 100 South Korea YouTube by subscribers; internal handle generated because source exposes channel name, not YouTube @handle; engagement/verified/fake follower unavailable."
89,youtube,@yt_089_mamamoo,MAMAMOO,6.83M,,music,https://socialblade.com/youtube/lists/top/100/subscribers/all/KR,"Social Blade Top 100 South Korea YouTube by subscribers; internal handle generated because source exposes channel name, not YouTube @handle; engagement/verified/fake follower unavailable."
90,youtube,@yt_090_starship,STARSHIP,6.72M,,music,https://socialblade.com/youtube/lists/top/100/subscribers/all/KR,"Social Blade Top 100 South Korea YouTube by subscribers; internal handle generated because source exposes channel name, not YouTube @handle; engagement/verified/fake follower unavailable."
91,youtube,@yt_091_inocat,이노냥 inoCat,6.71M,,entertainment,https://socialblade.com/youtube/lists/top/100/subscribers/all/KR,"Social Blade Top 100 South Korea YouTube by subscribers; internal handle generated because source exposes channel name, not YouTube @handle; engagement/verified/fake follower unavailable."
92,youtube,@yt_092_hiu,HIU 하이유,6.69M,,music,https://socialblade.com/youtube/lists/top/100/subscribers/all/KR,"Social Blade Top 100 South Korea YouTube by subscribers; internal handle generated because source exposes channel name, not YouTube @handle; engagement/verified/fake follower unavailable."
93,youtube,@yt_093_illit,ILLIT,6.68M,,music,https://socialblade.com/youtube/lists/top/100/subscribers/all/KR,"Social Blade Top 100 South Korea YouTube by subscribers; internal handle generated because source exposes channel name, not YouTube @handle; engagement/verified/fake follower unavailable."
94,youtube,@yt_094_kebikids,깨비키즈 [KEBIKIDS],6.68M,,kids_family,https://socialblade.com/youtube/lists/top/100/subscribers/all/KR,"Social Blade Top 100 South Korea YouTube by subscribers; internal handle generated because source exposes channel name, not YouTube @handle; engagement/verified/fake follower unavailable."
95,youtube,@yt_095_tv,미니팡TV,6.65M,,kids_family,https://socialblade.com/youtube/lists/top/100/subscribers/all/KR,"Social Blade Top 100 South Korea YouTube by subscribers; internal handle generated because source exposes channel name, not YouTube @handle; engagement/verified/fake follower unavailable."
96,youtube,@yt_096_toytv,[장난감티비]TOYTV,6.54M,,kids_family,https://socialblade.com/youtube/lists/top/100/subscribers/all/KR,"Social Blade Top 100 South Korea YouTube by subscribers; internal handle generated because source exposes channel name, not YouTube @handle; engagement/verified/fake follower unavailable."
97,youtube,@yt_097_jeffrey_x,Jeffrey X,6.52M,,entertainment,https://socialblade.com/youtube/lists/top/100/subscribers/all/KR,"Social Blade Top 100 South Korea YouTube by subscribers; internal handle generated because source exposes channel name, not YouTube @handle; engagement/verified/fake follower unavailable."
98,youtube,@yt_098_nct,NCT,6.44M,,music,https://socialblade.com/youtube/lists/top/100/subscribers/all/KR,"Social Blade Top 100 South Korea YouTube by subscribers; internal handle generated because source exposes channel name, not YouTube @handle; engagement/verified/fake follower unavailable."
99,youtube,@yt_099_clutchmaker,Clutchmaker,6.39M,,entertainment,https://socialblade.com/youtube/lists/top/100/subscribers/all/KR,"Social Blade Top 100 South Korea YouTube by subscribers; internal handle generated because source exposes channel name, not YouTube @handle; engagement/verified/fake follower unavailable."
100,youtube,@yt_100_studio_choom,STUDIO CHOOM [스튜디오 춤],6.31M,,dance,https://socialblade.com/youtube/lists/top/100/subscribers/all/KR,"Social Blade Top 100 South Korea YouTube by subscribers; internal handle generated because source exposes channel name, not YouTube @handle; engagement/verified/fake follower unavailable."
